country,year,age_group_5,births,population
Austria,2015,15-19,1698,224066
Austria,2015,20-24,11023,268689
Austria,2015,25-29,25040,281392
Austria,2015,30-34,28912,290896
Austria,2015,35-39,14284,271576
Austria,2015,40-44,3191,307398
Austria,2015,45-49,201,351269
Austria,2016,15-19,1585,221893
Austria,2016,20-24,11422,270022
Austria,2016,25-29,25867,288182
Austria,2016,30-34,29844,294734
Austria,2016,35-39,15434,275800
Austria,2016,40-44,3291,300846
Austria,2016,45-49,198,347035
Austria,2017,15-19,1465,216882
Austria,2017,20-24,10760,267873
Austria,2017,25-29,26134,292778
Austria,2017,30-34,29782,295555
Austria,2017,35-39,16048,283403
Austria,2017,40-44,3216,293063
Austria,2017,45-49,202,341494
Austria,2018,15-19,1169,214236
Austria,2018,20-24,9970,263613
Austria,2018,25-29,25316,294826
Austria,2018,30-34,29234,295061
Austria,2018,35-39,16220,291611
Austria,2018,40-44,3345,286773
Austria,2018,45-49,250,334155
Austria,2019,15-19,1106,212135
Austria,2019,20-24,9171,257454
Austria,2019,25-29,24621,294888
Austria,2019,30-34,29550,296545
Austria,2019,35-39,16770,297410
Austria,2019,40-44,3460,283391
Austria,2019,45-49,246,323491
Austria,2020,15-19,1064,212297
Austria,2020,20-24,8486,251570
Austria,2020,25-29,24575,293260
Austria,2020,30-34,29526,298547
Austria,2020,35-39,16357,302843
Austria,2020,40-44,3339,281274
Austria,2020,45-49,240,313946
Austria,2021,15-19,881,211409
Austria,2021,20-24,7966,245840
Austria,2021,25-29,24756,290140
Austria,2021,30-34,31025,301001
Austria,2021,35-39,17602,304230
Austria,2021,40-44,3639,283755
Austria,2021,45-49,191,306914
Austria,2022,15-19,843,213154
Austria,2022,20-24,7750,240358
Austria,2022,25-29,23717,286938
Austria,2022,30-34,29977,303595
Austria,2022,35-39,16349,303861
Austria,2022,40-44,3711,290369
Austria,2022,45-49,260,298717
Austria,2023,15-19,890,216466
Austria,2023,20-24,7332,242216
Austria,2023,25-29,21453,287317
Austria,2023,30-34,28297,309977
Austria,2023,35-39,15849,308402
Austria,2023,40-44,3500,302907
Austria,2023,45-49,250,295647
Belgium,2015,15-19,2006,307559
Belgium,2015,20-24,14244,343660
Belgium,2015,25-29,41048,358306
Belgium,2015,30-34,41251,366229
Belgium,2015,35-39,18434,360436
Belgium,2015,40-44,3784,377657
Belgium,2015,45-49,255,392497
Belgium,2016,15-19,1888,309191
Belgium,2016,20-24,13766,339539
Belgium,2016,25-29,40763,364626
Belgium,2016,30-34,41291,364035
Belgium,2016,35-39,18753,367675
Belgium,2016,40-44,3821,370423
Belgium,2016,45-49,266,389777
Belgium,2017,15-19,1799,308408
Belgium,2017,20-24,12540,334387
Belgium,2017,25-29,39519,368267
Belgium,2017,30-34,41364,363382
Belgium,2017,35-39,18985,371693
Belgium,2017,40-44,4076,364364
Belgium,2017,45-49,267,388143
Belgium,2018,15-19,1689,306956
Belgium,2018,20-24,11694,330588
Belgium,2018,25-29,38333,371190
Belgium,2018,30-34,42136,364004
Belgium,2018,35-39,19032,374272
Belgium,2018,40-44,4213,361458
Belgium,2018,45-49,307,387468
Belgium,2019,15-19,1582,307712
Belgium,2019,20-24,11313,328722
Belgium,2019,25-29,37707,371623
Belgium,2019,30-34,42460,368614
Belgium,2019,35-39,19520,374627
Belgium,2019,40-44,4335,362807
Belgium,2019,45-49,328,384045
Belgium,2020,15-19,1527,309652
Belgium,2020,20-24,11241,329676
Belgium,2020,25-29,36045,369726
Belgium,2020,30-34,42109,373486
Belgium,2020,35-39,18670,375612
Belgium,2020,40-44,4339,366609
Belgium,2020,45-49,299,379784
Belgium,2021,15-19,1410,311388
Belgium,2021,20-24,10378,329931
Belgium,2021,25-29,36018,365134
Belgium,2021,30-34,45617,379493
Belgium,2021,35-39,19895,373594
Belgium,2021,40-44,4590,373975
Belgium,2021,45-49,342,372897
Belgium,2022,15-19,1368,316875
Belgium,2022,20-24,10417,330973
Belgium,2022,25-29,33618,362043
Belgium,2022,30-34,43768,384312
Belgium,2022,35-39,19876,374306
Belgium,2022,40-44,4620,378985
Belgium,2022,45-49,324,367752
Belgium,2023,15-19,1375,326356
Belgium,2023,20-24,10186,334450
Belgium,2023,25-29,31692,363552
Belgium,2023,30-34,42855,392447
Belgium,2023,35-39,19706,380230
Belgium,2023,40-44,4529,385641
Belgium,2023,45-49,337,368095
Croatia,2015,15-19,1116,115401
Croatia,2015,20-24,5288,118005
Croatia,2015,25-29,11473,129198
Croatia,2015,30-34,12497,141273
Croatia,2015,35-39,6007,141152
Croatia,2015,40-44,1041,136627
Croatia,2015,45-49,65,146721
Croatia,2016,15-19,1081,111742
Croatia,2016,20-24,5128,115394
Croatia,2016,25-29,10946,125078
Croatia,2016,30-34,12779,138281
Croatia,2016,35-39,6331,140931
Croatia,2016,40-44,1208,136490
Croatia,2016,45-49,53,141075
Croatia,2017,15-19,990,106127
Croatia,2017,20-24,4807,113125
Croatia,2017,25-29,10347,120893
Croatia,2017,30-34,12482,133947
Croatia,2017,35-39,6609,139633
Croatia,2017,40-44,1251,135761
Croatia,2017,45-49,61,136609
Croatia,2018,15-19,875,100521
Croatia,2018,20-24,4813,112370
Croatia,2018,25-29,10318,114751
Croatia,2018,30-34,12787,128464
Croatia,2018,35-39,6745,137437
Croatia,2018,40-44,1337,134517
Croatia,2018,45-49,65,133308
Croatia,2019,15-19,862,95920
Croatia,2019,20-24,4644,110259
Croatia,2019,25-29,9849,110454
Croatia,2019,30-34,12328,123701
Croatia,2019,35-39,6935,134977
Croatia,2019,40-44,1430,133711
Croatia,2019,45-49,82,131179
Croatia,2020,15-19,726,92873
Croatia,2020,20-24,4479,107514
Croatia,2020,25-29,10032,107620
Croatia,2020,30-34,12152,118473
Croatia,2020,35-39,6892,132287
Croatia,2020,40-44,1487,133693
Croatia,2020,45-49,69,129823
Croatia,2021,15-19,631,91769
Croatia,2021,20-24,4288,104418
Croatia,2021,25-29,10187,105517
Croatia,2021,30-34,12360,114531
Croatia,2021,35-39,7384,129303
Croatia,2021,40-44,1582,133468
Croatia,2021,45-49,71,130099
Croatia,2022,15-19,655,91419
Croatia,2022,20-24,3940,100652
Croatia,2022,25-29,9625,105028
Croatia,2022,30-34,11425,112008
Croatia,2022,35-39,6592,126250
Croatia,2022,40-44,1552,132665
Croatia,2022,45-49,86,129762
Croatia,2023,15-19,599,91955
Croatia,2023,20-24,3434,97348
Croatia,2023,25-29,9292,106889
Croatia,2023,30-34,10927,109238
Croatia,2023,35-39,6339,123886
Croatia,2023,40-44,1478,132506
Croatia,2023,45-49,94,129754
Cyprus,2015,15-19,127,25812
Cyprus,2015,20-24,825,32101
Cyprus,2015,25-29,2746,35148
Cyprus,2015,30-34,3491,36774
Cyprus,2015,35-39,1615,33735
Cyprus,2015,40-44,326,31980
Cyprus,2015,45-49,34,29898
Cyprus,2016,15-19,150,25004
Cyprus,2016,20-24,876,30942
Cyprus,2016,25-29,2617,34417
Cyprus,2016,30-34,3622,36717
Cyprus,2016,35-39,1809,34969
Cyprus,2016,40-44,335,31963
Cyprus,2016,45-49,38,29805
Cyprus,2017,15-19,161,24274
Cyprus,2017,20-24,870,30259
Cyprus,2017,25-29,2539,33542
Cyprus,2017,30-34,3548,36790
Cyprus,2017,35-39,1730,35366
Cyprus,2017,40-44,337,32373
Cyprus,2017,45-49,39,30347
Cyprus,2018,15-19,190,23639
Cyprus,2018,20-24,866,29097
Cyprus,2018,25-29,2440,33513
Cyprus,2018,30-34,3494,36436
Cyprus,2018,35-39,1902,36371
Cyprus,2018,40-44,387,32540
Cyprus,2018,45-49,40,31354
Cyprus,2019,15-19,164,23228
Cyprus,2019,20-24,894,27863
Cyprus,2019,25-29,2451,33219
Cyprus,2019,30-34,3497,35975
Cyprus,2019,35-39,2054,37233
Cyprus,2019,40-44,428,33344
Cyprus,2019,45-49,48,32322
Cyprus,2020,15-19,186,22816
Cyprus,2020,20-24,902,26951
Cyprus,2020,25-29,2508,32751
Cyprus,2020,30-34,3604,35400
Cyprus,2020,35-39,2180,37289
Cyprus,2020,40-44,464,34590
Cyprus,2020,45-49,62,32856
Cyprus,2021,15-19,151,22573
Cyprus,2021,20-24,879,26588
Cyprus,2021,25-29,2505,33220
Cyprus,2021,30-34,3869,36399
Cyprus,2021,35-39,2305,38519
Cyprus,2021,40-44,524,36171
Cyprus,2021,45-49,55,33170
Cyprus,2022,15-19,187,22612
Cyprus,2022,20-24,965,26817
Cyprus,2022,25-29,2497,33931
Cyprus,2022,30-34,3621,37235
Cyprus,2022,35-39,2275,39703
Cyprus,2022,40-44,583,37750
Cyprus,2022,45-49,54,33933
Cyprus,2023,15-19,171,22534
Cyprus,2023,20-24,921,25995
Cyprus,2023,25-29,2504,33325
Cyprus,2023,30-34,3626,37862
Cyprus,2023,35-39,2324,40348
Cyprus,2023,40-44,577,39001
Cyprus,2023,45-49,99,34406
Czechia,2015,15-19,2606,225919
Czechia,2015,20-24,13487,304955
Czechia,2015,25-29,32843,339938
Czechia,2015,30-34,38285,363091
Czechia,2015,35-39,19847,446232
Czechia,2015,40-44,3531,407714
Czechia,2015,45-49,139,337971
Czechia,2016,15-19,2623,223047
Czechia,2016,20-24,13792,288396
Czechia,2016,25-29,33408,337260
Czechia,2016,30-34,38862,357348
Czechia,2016,35-39,20015,429673
Czechia,2016,40-44,3780,428507
Czechia,2016,45-49,160,340118
Czechia,2017,15-19,2644,223242
Czechia,2017,20-24,13382,270493
Czechia,2017,25-29,34530,335210
Czechia,2017,30-34,39442,354183
Czechia,2017,35-39,20125,411784
Czechia,2017,40-44,4086,444616
Czechia,2017,45-49,180,347702
Czechia,2018,15-19,2429,224694
Czechia,2018,20-24,12796,256505
Czechia,2018,25-29,34571,330923
Czechia,2018,30-34,39505,350913
Czechia,2018,35-39,20020,396143
Czechia,2018,40-44,4444,454608
Czechia,2018,45-49,247,361163
Czechia,2019,15-19,2261,227173
Czechia,2019,20-24,11855,242645
Czechia,2019,25-29,34619,325537
Czechia,2019,30-34,39047,351422
Czechia,2019,35-39,19660,380714
Czechia,2019,40-44,4458,456041
Czechia,2019,45-49,298,382802
Czechia,2020,15-19,2159,232007
Czechia,2020,20-24,11609,234796
Czechia,2020,25-29,33575,316086
Czechia,2020,30-34,38547,349803
Czechia,2020,35-39,19510,368149
Czechia,2020,40-44,4476,448510
Czechia,2020,45-49,301,408110
Czechia,2021,15-19,1923,236771
Czechia,2021,20-24,10954,229148
Czechia,2021,25-29,33325,290869
Czechia,2021,30-34,40478,330035
Czechia,2021,35-39,20268,346411
Czechia,2021,40-44,4469,418833
Czechia,2021,45-49,348,421258
Czechia,2022,15-19,1857,244524
Czechia,2022,20-24,10429,231465
Czechia,2022,25-29,29553,276345
Czechia,2022,30-34,36333,330918
Czechia,2022,35-39,18392,344606
Czechia,2022,40-44,4365,401338
Czechia,2022,45-49,338,437496
Czechia,2023,15-19,1712,271057
Czechia,2023,20-24,9558,249367
Czechia,2023,25-29,25965,279105
Czechia,2023,30-34,32963,345982
Czechia,2023,35-39,16701,361843
Czechia,2023,40-44,3871,403449
Czechia,2023,45-49,355,461451
Denmark,2015,15-19,583,171815
Denmark,2015,20-24,6342,184806
Denmark,2015,25-29,18969,170197
Denmark,2015,30-34,19885,158343
Denmark,2015,35-39,10141,178824
Denmark,2015,40-44,2161,194114
Denmark,2015,45-49,111,204582
Denmark,2016,15-19,602,170996
Denmark,2016,20-24,6649,189151
Denmark,2016,25-29,20635,177111
Denmark,2016,30-34,20816,159231
Denmark,2016,35-39,10535,174101
Denmark,2016,40-44,2259,196251
Denmark,2016,45-49,111,199814
Denmark,2017,15-19,471,170361
Denmark,2017,20-24,6575,191188
Denmark,2017,25-29,20806,183135
Denmark,2017,30-34,20881,162239
Denmark,2017,35-39,10198,170741
Denmark,2017,40-44,2314,193540
Denmark,2017,45-49,142,195034
Denmark,2018,15-19,409,168701
Denmark,2018,20-24,6022,191633
Denmark,2018,25-29,20895,189431
Denmark,2018,30-34,21541,165430
Denmark,2018,35-39,10107,168153
Denmark,2018,40-44,2345,188736
Denmark,2018,45-49,141,194163
Denmark,2019,15-19,339,168141
Denmark,2019,20-24,5454,190343
Denmark,2019,25-29,20864,193458
Denmark,2019,30-34,22097,170428
Denmark,2019,35-39,9940,164829
Denmark,2019,40-44,2303,185852
Denmark,2019,45-49,163,194245
Denmark,2020,15-19,274,167639
Denmark,2020,20-24,4694,186937
Denmark,2020,25-29,20771,196402
Denmark,2020,30-34,22773,175511
Denmark,2020,35-39,9987,162485
Denmark,2020,40-44,2268,181674
Denmark,2020,45-49,157,195744
Denmark,2021,15-19,220,166863
Denmark,2021,20-24,4367,184035
Denmark,2021,25-29,21102,197432
Denmark,2021,30-34,24280,180271
Denmark,2021,35-39,10957,162234
Denmark,2021,40-44,2343,176448
Denmark,2021,45-49,192,197743
Denmark,2022,15-19,197,167881
Denmark,2022,20-24,3908,183918
Denmark,2022,25-29,19136,198620
Denmark,2022,30-34,22784,185255
Denmark,2022,35-39,9974,164736
Denmark,2022,40-44,2211,172805
Denmark,2022,45-49,210,195133
Denmark,2023,15-19,194,170222
Denmark,2023,20-24,3548,184411
Denmark,2023,25-29,18152,200743
Denmark,2023,30-34,23119,193883
Denmark,2023,35-39,10079,170315
Denmark,2023,40-44,2144,172270
Denmark,2023,45-49,215,191621
Estonia,2015,15-19,366,29329
Estonia,2015,20-24,1991,39069
Estonia,2015,25-29,4680,47672
Estonia,2015,30-34,4048,45243
Estonia,2015,35-39,2213,43874
Estonia,2015,40-44,580,45386
Estonia,2015,45-49,26,42940
Estonia,2016,15-19,305,29062
Estonia,2016,20-24,1697,36274
Estonia,2016,25-29,4725,47371
Estonia,2016,30-34,4373,45658
Estonia,2016,35-39,2298,43888
Estonia,2016,40-44,623,44874
Estonia,2016,45-49,23,43499
Estonia,2017,15-19,293,28816
Estonia,2017,20-24,1604,34376
Estonia,2017,25-29,4438,46047
Estonia,2017,30-34,4418,46045
Estonia,2017,35-39,2337,43755
Estonia,2017,40-44,652,44538
Estonia,2017,45-49,39,44308
Estonia,2018,15-19,283,29265
Estonia,2018,20-24,1499,32464
Estonia,2018,25-29,4411,44549
Estonia,2018,30-34,4872,46744
Estonia,2018,35-39,2554,44045
Estonia,2018,40-44,705,44248
Estonia,2018,45-49,38,45053
Estonia,2019,15-19,258,29883
Estonia,2019,20-24,1454,31643
Estonia,2019,25-29,4151,41925
Estonia,2019,30-34,4831,47437
Estonia,2019,35-39,2657,44816
Estonia,2019,40-44,694,44218
Estonia,2019,45-49,48,45292
Estonia,2020,15-19,245,30701
Estonia,2020,20-24,1292,30694
Estonia,2020,25-29,3548,38958
Estonia,2020,30-34,4735,47901
Estonia,2020,35-39,2644,45758
Estonia,2020,40-44,684,44080
Estonia,2020,45-49,50,45307
Estonia,2021,15-19,181,31410
Estonia,2021,20-24,1195,30268
Estonia,2021,25-29,3440,36238
Estonia,2021,30-34,4883,47974
Estonia,2021,35-39,2763,46357
Estonia,2021,40-44,751,44240
Estonia,2021,45-49,55,44861
Estonia,2022,15-19,173,32495
Estonia,2022,20-24,1168,29967
Estonia,2022,25-29,2935,34775
Estonia,2022,30-34,4129,47216
Estonia,2022,35-39,2492,47042
Estonia,2022,40-44,689,44184
Estonia,2022,45-49,54,44632
Estonia,2023,15-19,162,35197
Estonia,2023,20-24,1144,31832
Estonia,2023,25-29,2660,34726
Estonia,2023,30-34,3749,48167
Estonia,2023,35-39,2448,50475
Estonia,2023,40-44,728,46424
Estonia,2023,45-49,53,45834
Finland,2015,15-19,914,150090
Finland,2015,20-24,7726,167324
Finland,2015,25-29,16294,165545
Finland,2015,30-34,18963,172264
Finland,2015,35-39,9571,167323
Finland,2015,40-44,1881,154103
Finland,2015,45-49,114,177605
Finland,2016,15-19,804,147120
Finland,2016,20-24,7118,165884
Finland,2016,25-29,15515,166960
Finland,2016,30-34,17647,173017
Finland,2016,35-39,9385,168005
Finland,2016,40-44,2202,155047
Finland,2016,45-49,131,173099
Finland,2017,15-19,704,145470
Finland,2017,20-24,6363,163243
Finland,2017,25-29,14733,169295
Finland,2017,30-34,17120,172559
Finland,2017,35-39,9124,168331
Finland,2017,40-44,2132,157901
Finland,2017,45-49,131,167853
Finland,2018,15-19,622,143840
Finland,2018,20-24,5692,159738
Finland,2018,25-29,13895,172102
Finland,2018,30-34,16070,170593
Finland,2018,35-39,9099,169737
Finland,2018,40-44,2083,161943
Finland,2018,45-49,108,161558
Finland,2019,15-19,592,144041
Finland,2019,20-24,5213,155877
Finland,2019,25-29,13049,172237
Finland,2019,30-34,15558,169564
Finland,2019,35-39,8987,172424
Finland,2019,40-44,2053,166596
Finland,2019,45-49,157,155005
Finland,2020,15-19,560,144441
Finland,2020,20-24,4900,152265
Finland,2020,25-29,13227,172593
Finland,2020,30-34,16208,169653
Finland,2020,35-39,9302,174660
Finland,2020,40-44,2116,168547
Finland,2020,45-49,138,154391
Finland,2021,15-19,543,145710
Finland,2021,20-24,4573,149232
Finland,2021,25-29,13684,171182
Finland,2021,30-34,17956,171633
Finland,2021,35-39,10171,175975
Finland,2021,40-44,2500,169595
Finland,2021,45-49,161,155532
Finland,2022,15-19,487,147886
Finland,2022,20-24,4174,147810
Finland,2022,25-29,12111,169118
Finland,2022,30-34,16261,174584
Finland,2022,35-39,9340,175888
Finland,2022,40-44,2391,170339
Finland,2022,45-49,185,158628
Finland,2023,15-19,472,150416
Finland,2023,20-24,3983,147012
Finland,2023,25-29,11170,167020
Finland,2023,30-34,16126,179506
Finland,2023,35-39,9075,175371
Finland,2023,40-44,2353,172759
Finland,2023,45-49,194,163165
France,2015,15-19,18160,1962182
France,2015,20-24,102489,1899097
France,2015,25-29,250462,2014989
France,2015,30-34,262999,2117245
France,2015,35-39,131545,2053744
France,2015,40-44,31763,2296245
France,2015,45-49,1904,2284457
France,2016,15-19,17048,1988916
France,2016,20-24,97377,1872340
France,2016,25-29,241834,2006645
France,2016,30-34,260235,2097544
France,2016,35-39,134148,2089350
France,2016,40-44,31502,2249560
France,2016,45-49,1866,2277202
France,2017,15-19,16035,1997008
France,2017,20-24,92908,1857412
France,2017,25-29,233357,1982147
France,2017,30-34,256908,2092559
France,2017,35-39,136619,2131043
France,2017,40-44,31749,2186738
France,2017,45-49,2100,2277292
France,2018,15-19,15429,2014596
France,2018,20-24,89262,1843790
France,2018,25-29,224827,1966243
France,2018,30-34,257081,2085968
France,2018,35-39,137865,2165084
France,2018,40-44,32254,2132379
France,2018,45-49,2144,2297769
France,2019,15-19,15188,2032847
France,2019,20-24,89028,1859255
France,2019,25-29,218059,1924557
France,2019,30-34,257585,2096282
France,2019,35-39,138535,2177463
France,2019,40-44,32973,2090250
France,2019,45-49,2297,2311688
France,2020,15-19,14184,2031773
France,2020,20-24,85598,1869816
France,2020,25-29,209830,1901475
France,2020,30-34,252957,2101017
France,2020,35-39,137238,2180449
France,2020,40-44,33521,2081083
France,2020,45-49,2121,2290167
France,2021,15-19,12986,2019658
France,2021,20-24,81035,1899877
France,2021,25-29,206228,1896418
France,2021,30-34,261115,2101619
France,2021,35-39,143464,2172867
France,2021,40-44,35284,2124524
France,2021,45-49,2170,2251473
France,2022,15-19,12900,2027196
France,2022,20-24,80831,1925750
France,2022,25-29,200594,1904020
France,2022,30-34,251837,2104765
France,2022,35-39,141388,2181290
France,2022,40-44,36256,2181417
France,2022,45-49,2375,2194021
France,2023,15-19,12413,2039601
France,2023,20-24,76970,1940741
France,2023,25-29,184747,1904671
France,2023,30-34,231561,2098615
France,2023,35-39,135160,2178751
France,2023,40-44,34690,2216380
France,2023,45-49,2423,2142636
Greece,2015,15-19,2198,263919
Greece,2015,20-24,7388,282664
Greece,2015,25-29,20679,304486
Greece,2015,30-34,34264,372106
Greece,2015,35-39,21726,406955
Greece,2015,40-44,4749,414970
Greece,2015,45-49,670,420075
Greece,2016,15-19,2416,262253
Greece,2016,20-24,7644,274232
Greece,2016,25-29,20292,297884
Greece,2016,30-34,33842,351318
Greece,2016,35-39,22510,404069
Greece,2016,40-44,5258,410599
Greece,2016,45-49,744,424661
Greece,2017,15-19,2279,262203
Greece,2017,20-24,7344,269192
Greece,2017,25-29,19107,292302
Greece,2017,30-34,31236,333768
Greece,2017,35-39,22184,398726
Greece,2017,40-44,5385,408224
Greece,2017,45-49,795,424570
Greece,2018,15-19,2226,262457
Greece,2018,20-24,7225,265852
Greece,2018,25-29,18316,289043
Greece,2018,30-34,29781,316231
Greece,2018,35-39,22140,393219
Greece,2018,40-44,5614,405328
Greece,2018,45-49,920,419030
Greece,2019,15-19,2209,262687
Greece,2019,20-24,6909,265850
Greece,2019,25-29,17129,279643
Greece,2019,30-34,28562,305389
Greece,2019,35-39,21839,382507
Greece,2019,40-44,5940,404656
Greece,2019,45-49,943,412102
Greece,2020,15-19,2234,262338
Greece,2020,20-24,7193,266429
Greece,2020,25-29,17535,274065
Greece,2020,30-34,28524,298181
Greece,2020,35-39,22054,367204
Greece,2020,40-44,6117,402081
Greece,2020,45-49,858,408394
Greece,2021,15-19,1929,261827
Greece,2021,20-24,6207,267375
Greece,2021,25-29,16813,268852
Greece,2021,30-34,29025,293623
Greece,2021,35-39,22931,348759
Greece,2021,40-44,6997,400046
Greece,2021,45-49,1128,404647
Greece,2022,15-19,1893,256688
Greece,2022,20-24,5673,248915
Greece,2022,25-29,15256,255428
Greece,2022,30-34,25426,278304
Greece,2022,35-39,19961,338474
Greece,2022,40-44,6230,395306
Greece,2022,45-49,1148,402096
Greece,2023,15-19,1934,257521
Greece,2023,20-24,5387,250400
Greece,2023,25-29,14139,251170
Greece,2023,30-34,23708,273403
Greece,2023,35-39,18390,322529
Greece,2023,40-44,6174,389862
Greece,2023,45-49,1171,402299
Hungary,2015,15-19,5682,250212
Hungary,2015,20-24,13363,298959
Hungary,2015,25-29,23104,297239
Hungary,2015,30-34,27737,315880
Hungary,2015,35-39,18136,411124
Hungary,2015,40-44,3899,371555
Hungary,2015,45-49,129,336387
Hungary,2016,15-19,6021,241622
Hungary,2016,20-24,13792,291830
Hungary,2016,25-29,24156,297661
Hungary,2016,30-34,28531,305124
Hungary,2016,35-39,18360,391457
Hungary,2016,40-44,4274,389340
Hungary,2016,45-49,147,346174
Hungary,2017,15-19,5480,235841
Hungary,2017,20-24,13406,281802
Hungary,2017,25-29,24352,298662
Hungary,2017,30-34,28378,296636
Hungary,2017,35-39,18176,372000
Hungary,2017,40-44,4606,403421
Hungary,2017,45-49,173,352621
Hungary,2018,15-19,5226,234644
Hungary,2018,20-24,13077,271824
Hungary,2018,25-29,24279,300073
Hungary,2018,30-34,28550,293769
Hungary,2018,35-39,17238,351769
Hungary,2018,40-44,4837,414062
Hungary,2018,45-49,179,354338
Hungary,2019,15-19,4991,233706
Hungary,2019,20-24,12934,262476
Hungary,2019,25-29,25211,300790
Hungary,2019,30-34,28006,294145
Hungary,2019,35-39,16918,333388
Hungary,2019,40-44,4750,420717
Hungary,2019,45-49,226,354782
Hungary,2020,15-19,5065,234404
Hungary,2020,20-24,12759,251709
Hungary,2020,25-29,25507,300737
Hungary,2020,30-34,28929,296588
Hungary,2020,35-39,16589,317712
Hungary,2020,40-44,4606,410805
Hungary,2020,45-49,280,369055
Hungary,2021,15-19,4490,234349
Hungary,2021,20-24,12359,242858
Hungary,2021,25-29,25904,296518
Hungary,2021,30-34,29589,297883
Hungary,2021,35-39,16813,307465
Hungary,2021,40-44,4456,391972
Hungary,2021,45-49,329,386872
Hungary,2022,15-19,3984,237126
Hungary,2022,20-24,11817,238016
Hungary,2022,25-29,25134,289016
Hungary,2022,30-34,28529,300528
Hungary,2022,35-39,15674,300868
Hungary,2022,40-44,4112,374139
Hungary,2022,45-49,348,402156
Hungary,2023,15-19,3922,237883
Hungary,2023,20-24,10963,252063
Hungary,2023,25-29,24277,274063
Hungary,2023,30-34,27973,298414
Hungary,2023,35-39,16041,301336
Hungary,2023,40-44,4026,353231
Hungary,2023,45-49,393,414857
Iceland,2015,15-19,87,10814
Iceland,2015,20-24,660,12156
Iceland,2015,25-29,1341,11395
Iceland,2015,30-34,1213,11405
Iceland,2015,35-39,677,10784
Iceland,2015,40-44,140,10464
Iceland,2015,45-49,11,10552
Iceland,2016,15-19,72,10860
Iceland,2016,20-24,592,12094
Iceland,2016,25-29,1305,11787
Iceland,2016,30-34,1218,11239
Iceland,2016,35-39,672,11029
Iceland,2016,40-44,157,10702
Iceland,2016,45-49,18,10316
Iceland,2017,15-19,65,10809
Iceland,2017,20-24,601,12177
Iceland,2017,25-29,1363,12206
Iceland,2017,30-34,1221,11232
Iceland,2017,35-39,659,11273
Iceland,2017,40-44,148,10881
Iceland,2017,45-49,12,10161
Iceland,2018,15-19,58,10836
Iceland,2018,20-24,602,12390
Iceland,2018,25-29,1454,13047
Iceland,2018,30-34,1254,11554
Iceland,2018,35-39,699,11665
Iceland,2018,40-44,144,10875
Iceland,2018,45-49,15,10483
Iceland,2019,15-19,48,10909
Iceland,2019,20-24,574,12473
Iceland,2019,25-29,1496,13769
Iceland,2019,30-34,1378,12006
Iceland,2019,35-39,751,12011
Iceland,2019,40-44,181,10991
Iceland,2019,45-49,23,10867
Iceland,2020,15-19,52,10954
Iceland,2020,20-24,563,12519
Iceland,2020,25-29,1546,14239
Iceland,2020,30-34,1472,12572
Iceland,2020,35-39,690,12081
Iceland,2020,40-44,171,11454
Iceland,2020,45-49,18,10958
Iceland,2021,15-19,36,10931
Iceland,2021,20-24,560,12407
Iceland,2021,25-29,1737,14188
Iceland,2021,30-34,1557,13204
Iceland,2021,35-39,792,12190
Iceland,2021,40-44,185,11758
Iceland,2021,45-49,12,11306
Iceland,2022,15-19,35,11189
Iceland,2022,20-24,518,12594
Iceland,2022,25-29,1453,14449
Iceland,2022,30-34,1504,13829
Iceland,2022,35-39,694,12316
Iceland,2022,40-44,171,12015
Iceland,2022,45-49,16,11532
Iceland,2023,15-19,43,11536
Iceland,2023,20-24,465,12848
Iceland,2023,25-29,1418,14760
Iceland,2023,30-34,1554,14699
Iceland,2023,35-39,667,12685
Iceland,2023,40-44,154,12508
Iceland,2023,45-49,12,11603
Ireland,2015,15-19,1194,143416
Ireland,2015,20-24,5705,136121
Ireland,2015,25-29,12322,156041
Ireland,2015,30-34,23684,193376
Ireland,2015,35-39,18451,191499
Ireland,2015,40-44,3955,177369
Ireland,2015,45-49,204,158193
Ireland,2016,15-19,1099,146199
Ireland,2016,20-24,5217,135231
Ireland,2016,25-29,11357,152429
Ireland,2016,30-34,23012,188830
Ireland,2016,35-39,18775,196461
Ireland,2016,40-44,4079,178949
Ireland,2016,45-49,287,161582
Ireland,2017,15-19,1034,150561
Ireland,2017,20-24,5115,136221
Ireland,2017,25-29,10781,149736
Ireland,2017,30-34,21653,183859
Ireland,2017,35-39,18944,202145
Ireland,2017,40-44,3971,183070
Ireland,2017,45-49,306,166282
Ireland,2018,15-19,955,154567
Ireland,2018,20-24,5070,140727
Ireland,2018,25-29,10486,146420
Ireland,2018,30-34,20881,176696
Ireland,2018,35-39,19010,204936
Ireland,2018,40-44,4301,186191
Ireland,2018,45-49,299,170533
Ireland,2019,15-19,854,157388
Ireland,2019,20-24,4684,146228
Ireland,2019,25-29,10015,145705
Ireland,2019,30-34,20280,173525
Ireland,2019,35-39,18784,207087
Ireland,2019,40-44,4301,192958
Ireland,2019,45-49,338,176163
Ireland,2020,15-19,780,160728
Ireland,2020,20-24,4149,151445
Ireland,2020,25-29,9288,147379
Ireland,2020,30-34,19084,170846
Ireland,2020,35-39,17715,202712
Ireland,2020,40-44,4557,198130
Ireland,2020,45-49,359,181472
Ireland,2021,15-19,706,161012
Ireland,2021,20-24,4278,152857
Ireland,2021,25-29,9834,147235
Ireland,2021,30-34,21045,170131
Ireland,2021,35-39,19591,199667
Ireland,2021,40-44,4804,204621
Ireland,2021,45-49,274,184515
Ireland,2022,15-19,540,163773
Ireland,2022,20-24,3846,152891
Ireland,2022,25-29,8282,148797
Ireland,2022,30-34,17508,172143
Ireland,2022,35-39,18142,199839
Ireland,2022,40-44,5637,210937
Ireland,2022,45-49,405,187851
Ireland,2023,15-19,511,166905
Ireland,2023,20-24,3582,154524
Ireland,2023,25-29,8301,154600
Ireland,2023,30-34,18105,174552
Ireland,2023,35-39,17835,201462
Ireland,2023,40-44,5628,219167
Ireland,2023,45-49,455,194615
Italy,2015,15-19,7206,1375817
Italy,2015,20-24,43015,1492252
Italy,2015,25-29,108649,1603227
Italy,2015,30-34,162964,1770936
Italy,2015,35-39,123663,2098939
Italy,2015,40-44,37066,2401153
Italy,2015,45-49,2904,2488041
Italy,2016,15-19,6812,1381697
Italy,2016,20-24,40738,1463363
Italy,2016,25-29,105910,1588625
Italy,2016,30-34,159618,1735345
Italy,2016,35-39,119749,2010558
Italy,2016,40-44,37055,2375375
Italy,2016,45-49,3204,2467810
Italy,2017,15-19,6130,1381774
Italy,2017,20-24,38233,1439874
Italy,2017,25-29,103072,1580570
Italy,2017,30-34,153471,1696951
Italy,2017,35-39,116859,1935388
Italy,2017,40-44,36524,2323658
Italy,2017,45-49,3468,2451343
Italy,2018,15-19,5822,1381032
Italy,2018,20-24,35842,1418745
Italy,2018,25-29,97779,1573876
Italy,2018,30-34,149118,1660282
Italy,2018,35-39,111820,1876027
Italy,2018,40-44,35418,2261022
Italy,2018,45-49,3533,2431373
Italy,2019,15-19,5098,1382435
Italy,2019,20-24,33228,1409999
Italy,2019,25-29,92866,1548193
Italy,2019,30-34,143416,1642927
Italy,2019,35-39,108113,1821377
Italy,2019,40-44,33397,2190571
Italy,2019,45-49,3509,2412294
Italy,2020,15-19,4521,1385591
Italy,2020,20-24,31541,1406868
Italy,2020,25-29,88222,1523050
Italy,2020,30-34,140438,1623692
Italy,2020,35-39,104621,1779210
Italy,2020,40-44,31688,2098266
Italy,2020,45-49,3420,2392965
Italy,2021,15-19,3981,1380198
Italy,2021,20-24,29226,1407840
Italy,2021,25-29,83738,1479314
Italy,2021,30-34,140643,1592259
Italy,2021,35-39,107767,1735723
Italy,2021,40-44,31356,2007068
Italy,2021,45-49,3119,2363044
Italy,2022,15-19,3876,1384080
Italy,2022,20-24,28553,1390957
Italy,2022,25-29,81911,1450727
Italy,2022,30-34,140228,1580224
Italy,2022,35-39,103407,1695383
Italy,2022,40-44,31011,1932574
Italy,2022,45-49,3845,2316007
Italy,2023,15-19,3813,1395983
Italy,2023,20-24,26445,1400261
Italy,2023,25-29,78118,1441382
Italy,2023,30-34,135402,1587279
Italy,2023,35-39,101717,1671762
Italy,2023,40-44,30126,1885417
Italy,2023,45-49,3745,2265326
Latvia,2015,15-19,760,42522
Latvia,2015,20-24,3720,60594
Latvia,2015,25-29,7196,70313
Latvia,2015,30-34,6259,66407
Latvia,2015,35-39,3204,64791
Latvia,2015,40-44,782,70049
Latvia,2015,45-49,45,69573
Latvia,2016,15-19,646,41994
Latvia,2016,20-24,3369,55017
Latvia,2016,25-29,7249,69091
Latvia,2016,30-34,6494,66988
Latvia,2016,35-39,3324,63463
Latvia,2016,40-44,826,68868
Latvia,2016,45-49,45,69529
Latvia,2017,15-19,621,41948
Latvia,2017,20-24,2967,49778
Latvia,2017,25-29,6699,66722
Latvia,2017,30-34,6269,67752
Latvia,2017,35-39,3320,62435
Latvia,2017,40-44,895,67002
Latvia,2017,45-49,45,69284
Latvia,2018,15-19,520,42491
Latvia,2018,20-24,2429,44971
Latvia,2018,25-29,6110,63823
Latvia,2018,30-34,6173,68269
Latvia,2018,35-39,3199,62091
Latvia,2018,40-44,825,65447
Latvia,2018,45-49,52,68797
Latvia,2019,15-19,546,43386
Latvia,2019,20-24,2220,41851
Latvia,2019,25-29,5676,59947
Latvia,2019,30-34,6083,67587
Latvia,2019,35-39,3343,62978
Latvia,2019,40-44,863,63991
Latvia,2019,45-49,46,68254
Latvia,2020,15-19,462,43651
Latvia,2020,20-24,2156,40196
Latvia,2020,25-29,4940,55842
Latvia,2020,30-34,5875,66589
Latvia,2020,35-39,3232,63832
Latvia,2020,40-44,821,62662
Latvia,2020,45-49,52,67749
Latvia,2021,15-19,439,44082
Latvia,2021,20-24,1865,39983
Latvia,2021,25-29,4951,51096
Latvia,2021,30-34,5923,66019
Latvia,2021,35-39,3356,64584
Latvia,2021,40-44,823,61455
Latvia,2021,45-49,52,66825
Latvia,2022,15-19,405,45183
Latvia,2022,20-24,1875,40144
Latvia,2022,25-29,4048,46690
Latvia,2022,30-34,5389,64057
Latvia,2022,35-39,3361,65781
Latvia,2022,40-44,808,60805
Latvia,2022,45-49,56,65253
Latvia,2023,15-19,374,47557
Latvia,2023,20-24,1736,41465
Latvia,2023,25-29,3445,43422
Latvia,2023,30-34,4879,62874
Latvia,2023,35-39,3165,68317
Latvia,2023,40-44,827,62116
Latvia,2023,45-49,52,64993
Netherlands,2015,15-19,1570,488710
Netherlands,2015,20-24,15500,526710
Netherlands,2015,25-29,52547,521274
Netherlands,2015,30-34,65172,504238
Netherlands,2015,35-39,30121,501857
Netherlands,2015,40-44,5330,590046
Netherlands,2015,45-49,248,638599
Netherlands,2016,15-19,1492,497002
Netherlands,2016,20-24,14805,524926
Netherlands,2016,25-29,52996,530212
Netherlands,2016,30-34,66101,506010
Netherlands,2016,35-39,31266,505063
Netherlands,2016,40-44,5557,562364
Netherlands,2016,45-49,285,640395
Netherlands,2017,15-19,1410,505117
Netherlands,2017,20-24,13809,523839
Netherlands,2017,25-29,51473,538064
Netherlands,2017,30-34,66095,512458
Netherlands,2017,35-39,31183,509522
Netherlands,2017,40-44,5515,539491
Netherlands,2017,45-49,317,639328
Netherlands,2018,15-19,1323,511180
Netherlands,2018,20-24,13298,525964
Netherlands,2018,25-29,50162,545838
Netherlands,2018,30-34,66648,522235
Netherlands,2018,35-39,31110,512431
Netherlands,2018,40-44,5635,521589
Netherlands,2018,45-49,316,634635
Netherlands,2019,15-19,1259,513715
Netherlands,2019,20-24,12708,531643
Netherlands,2019,25-29,49747,552792
Netherlands,2019,30-34,67749,533531
Netherlands,2019,35-39,32033,514558
Netherlands,2019,40-44,5826,514928
Netherlands,2019,45-49,322,619179
Netherlands,2020,15-19,1194,512930
Netherlands,2020,20-24,11952,538920
Netherlands,2020,25-29,48295,560366
Netherlands,2020,30-34,68813,545437
Netherlands,2020,35-39,32166,520631
Netherlands,2020,40-44,5948,512586
Netherlands,2020,45-49,278,595627
Netherlands,2021,15-19,1022,504139
Netherlands,2021,20-24,11789,544175
Netherlands,2021,25-29,50212,557372
Netherlands,2021,30-34,74890,556062
Netherlands,2021,35-39,34767,523777
Netherlands,2021,40-44,6427,517454
Netherlands,2021,45-49,303,569595
Netherlands,2022,15-19,1075,501112
Netherlands,2022,20-24,11843,557933
Netherlands,2022,25-29,46122,557569
Netherlands,2022,30-34,69187,565526
Netherlands,2022,35-39,32834,531752
Netherlands,2022,40-44,6097,522737
Netherlands,2022,45-49,315,547531
Netherlands,2023,15-19,980,500321
Netherlands,2023,20-24,11492,576119
Netherlands,2023,25-29,44235,568432
Netherlands,2023,30-34,68194,582378
Netherlands,2023,35-39,33079,549554
Netherlands,2023,40-44,6133,532357
Netherlands,2023,45-49,335,534934
Norway,2015,15-19,725,158278
Norway,2015,20-24,7034,167257
Norway,2015,25-29,19227,173546
Norway,2015,30-34,19788,167907
Norway,2015,35-39,9901,165215
Norway,2015,40-44,1995,181192
Norway,2015,45-49,136,180774
Norway,2016,15-19,612,158463
Norway,2016,20-24,6556,166015
Norway,2016,25-29,19241,178175
Norway,2016,30-34,20418,169946
Norway,2016,35-39,9836,165634
Norway,2016,40-44,2077,179503
Norway,2016,45-49,133,182590
Norway,2017,15-19,467,157060
Norway,2017,20-24,5741,165743
Norway,2017,25-29,18682,180859
Norway,2017,30-34,20057,172234
Norway,2017,35-39,9515,167065
Norway,2017,40-44,2025,176108
Norway,2017,45-49,133,184418
Norway,2018,15-19,395,155784
Norway,2018,20-24,5381,165391
Norway,2018,25-29,17718,182022
Norway,2018,30-34,20184,174716
Norway,2018,35-39,9395,169679
Norway,2018,40-44,1882,172196
Norway,2018,45-49,147,185474
Norway,2019,15-19,350,155334
Norway,2019,20-24,4742,164895
Norway,2019,25-29,17007,181578
Norway,2019,30-34,20453,178708
Norway,2019,35-39,9740,170931
Norway,2019,40-44,2032,170461
Norway,2019,45-49,156,184354
Norway,2020,15-19,254,154904
Norway,2020,20-24,4180,164356
Norway,2020,25-29,16232,181225
Norway,2020,30-34,20433,183172
Norway,2020,35-39,9740,172955
Norway,2020,40-44,1989,168825
Norway,2020,45-49,135,183317
Norway,2021,15-19,261,154172
Norway,2021,20-24,3949,163240
Norway,2021,25-29,16755,178586
Norway,2021,30-34,22563,186717
Norway,2021,35-39,10314,174068
Norway,2021,40-44,2075,168819
Norway,2021,45-49,135,181392
Norway,2022,15-19,218,155502
Norway,2022,20-24,3507,161705
Norway,2022,25-29,15256,178164
Norway,2022,30-34,20545,189243
Norway,2022,35-39,9765,176151
Norway,2022,40-44,2026,169998
Norway,2022,45-49,152,177883
Norway,2023,15-19,230,158536
Norway,2023,20-24,3574,162029
Norway,2023,25-29,14607,179424
Norway,2023,30-34,21097,193166
Norway,2023,35-39,10229,181397
Norway,2023,40-44,2051,174403
Norway,2023,45-49,178,175545
Poland,2015,15-19,11975,987921
Poland,2015,20-24,57107,1228768
Poland,2015,25-29,123994,1409281
Poland,2015,30-34,119140,1549098
Poland,2015,35-39,47972,1471216
Poland,2015,40-44,8725,1280761
Poland,2015,45-49,336,1139114
Poland,2016,15-19,11272,957291
Poland,2016,20-24,55770,1176116
Poland,2016,25-29,126651,1368122
Poland,2016,30-34,126194,1546525
Poland,2016,35-39,52316,1488219
Poland,2016,40-44,9658,1325518
Poland,2016,45-49,344,1145043
Poland,2017,15-19,10032,929001
Poland,2017,20-24,55928,1122924
Poland,2017,25-29,132464,1338299
Poland,2017,30-34,134904,1536396
Poland,2017,35-39,57563,1490899
Poland,2017,40-44,10642,1372962
Poland,2017,45-49,397,1163060
Poland,2018,15-19,9185,901987
Poland,2018,20-24,51745,1075931
Poland,2018,25-29,127208,1305853
Poland,2018,30-34,128762,1501991
Poland,2018,35-39,59546,1507334
Poland,2018,40-44,11210,1408898
Poland,2018,45-49,470,1191440
Poland,2019,15-19,8242,882368
Poland,2019,20-24,47792,1030139
Poland,2019,25-29,121881,1268623
Poland,2019,30-34,123784,1454041
Poland,2019,35-39,61004,1534251
Poland,2019,40-44,11747,1438016
Poland,2019,45-49,457,1228360
Poland,2020,15-19,7080,870611
Poland,2020,20-24,42754,988115
Poland,2020,25-29,115366,1229908
Poland,2020,30-34,117498,1407779
Poland,2020,35-39,60082,1544475
Poland,2020,40-44,11989,1464473
Poland,2020,45-49,491,1271175
Poland,2021,15-19,5906,834686
Poland,2021,20-24,38054,937278
Poland,2021,25-29,105800,1125502
Poland,2021,30-34,112339,1306755
Poland,2021,35-39,57027,1495129
Poland,2021,40-44,11780,1452917
Poland,2021,45-49,563,1295230
Poland,2022,15-19,5228,835206
Poland,2022,20-24,33721,912433
Poland,2022,25-29,97018,1080017
Poland,2022,30-34,104356,1275072
Poland,2022,35-39,52874,1480897
Poland,2022,40-44,11320,1451097
Poland,2022,45-49,547,1340433
Poland,2023,15-19,4663,852400
Poland,2023,20-24,28482,886902
Poland,2023,25-29,84607,1040764
Poland,2023,30-34,94741,1243677
Poland,2023,35-39,48284,1444063
Poland,2023,40-44,11027,1464119
Poland,2023,45-49,589,1375562
Portugal,2015,15-19,2251,269844
Portugal,2015,20-24,8717,273792
Portugal,2015,25-29,19087,280615
Portugal,2015,30-34,30126,342353
Portugal,2015,35-39,20561,406998
Portugal,2015,40-44,4502,413529
Portugal,2015,45-49,201,394312
Portugal,2016,15-19,2165,273897
Portugal,2016,20-24,8955,269683
Portugal,2016,25-29,18783,276132
Portugal,2016,30-34,29769,327097
Portugal,2016,35-39,21765,395267
Portugal,2016,40-44,5354,418601
Portugal,2016,45-49,276,393356
Portugal,2017,15-19,2131,272722
Portugal,2017,20-24,8764,265452
Portugal,2017,25-29,18914,273030
Portugal,2017,30-34,28668,313291
Portugal,2017,35-39,21626,379772
Portugal,2017,40-44,5712,421155
Portugal,2017,45-49,277,395600
Portugal,2018,15-19,1993,271231
Portugal,2018,20-24,8676,264264
Portugal,2018,25-29,19082,272700
Portugal,2018,30-34,28676,300480
Portugal,2018,35-39,22146,366537
Portugal,2018,40-44,6016,421040
Portugal,2018,45-49,370,399477
Portugal,2019,15-19,2048,269595
Portugal,2019,20-24,8844,264410
Portugal,2019,25-29,18695,272749
Portugal,2019,30-34,28160,291945
Portugal,2019,35-39,22075,356206
Portugal,2019,40-44,6315,415838
Portugal,2019,45-49,386,403636
Portugal,2020,15-19,1733,264830
Portugal,2020,20-24,8412,268973
Portugal,2020,25-29,18753,271704
Portugal,2020,30-34,27110,285651
Portugal,2020,35-39,21691,348094
Portugal,2020,40-44,6316,406319
Portugal,2020,45-49,451,409864
Portugal,2021,15-19,1483,259495
Portugal,2021,20-24,7546,273992
Portugal,2021,25-29,17233,269282
Portugal,2021,30-34,26384,282818
Portugal,2021,35-39,20160,335305
Portugal,2021,40-44,6235,397624
Portugal,2021,45-49,485,415592
Portugal,2022,15-19,1570,258334
Portugal,2022,20-24,8173,274290
Portugal,2022,25-29,18525,267982
Portugal,2022,30-34,27613,282569
Portugal,2022,35-39,20883,324357
Portugal,2022,40-44,6330,385101
Portugal,2022,45-49,526,420100
Portugal,2023,15-19,1623,257247
Portugal,2023,20-24,8658,276242
Portugal,2023,25-29,19522,271650
Portugal,2023,30-34,28458,288366
Portugal,2023,35-39,20426,318264
Portugal,2023,40-44,6353,377363
Portugal,2023,45-49,601,425152
Slovakia,2015,15-19,3414,142218
Slovakia,2015,20-24,8781,179737
Slovakia,2015,25-29,16663,202244
Slovakia,2015,30-34,17235,213351
Slovakia,2015,35-39,8010,223380
Slovakia,2015,40-44,1410,197900
Slovakia,2015,45-49,38,176337
Slovakia,2016,15-19,3592,139214
Slovakia,2016,20-24,8946,171326
Slovakia,2016,25-29,17194,198001
Slovakia,2016,30-34,17800,212596
Slovakia,2016,35-39,8429,221954
Slovakia,2016,40-44,1483,205362
Slovakia,2016,45-49,61,175144
Slovakia,2017,15-19,3555,135190
Slovakia,2017,20-24,8860,162478
Slovakia,2017,25-29,17269,194699
Slovakia,2017,30-34,18085,210544
Slovakia,2017,35-39,8535,220048
Slovakia,2017,40-44,1579,212237
Slovakia,2017,45-49,43,176142
Slovakia,2018,15-19,3431,131573
Slovakia,2018,20-24,8649,154985
Slovakia,2018,25-29,17011,190512
Slovakia,2018,30-34,18100,208298
Slovakia,2018,35-39,8693,217426
Slovakia,2018,40-44,1656,217047
Slovakia,2018,45-49,60,180905
Slovakia,2019,15-19,3452,129025
Slovakia,2019,20-24,8361,147404
Slovakia,2019,25-29,16734,186094
Slovakia,2019,30-34,17870,205461
Slovakia,2019,35-39,8775,214621
Slovakia,2019,40-44,1753,219875
Slovakia,2019,45-49,70,188352
Slovakia,2020,15-19,3296,127805
Slovakia,2020,20-24,8225,142469
Slovakia,2020,25-29,16672,179921
Slovakia,2020,30-34,17751,201459
Slovakia,2020,35-39,8714,211404
Slovakia,2020,40-44,1847,221220
Slovakia,2020,45-49,96,196092
Slovakia,2021,15-19,3308,127412
Slovakia,2021,20-24,8187,139514
Slovakia,2021,25-29,16103,171583
Slovakia,2021,30-34,17978,197417
Slovakia,2021,35-39,9005,210774
Slovakia,2021,40-44,1850,219935
Slovakia,2021,45-49,83,203524
Slovakia,2022,15-19,3169,127005
Slovakia,2022,20-24,7517,134313
Slovakia,2022,25-29,15273,161436
Slovakia,2022,30-34,16411,192704
Slovakia,2022,35-39,8405,207288
Slovakia,2022,40-44,1752,216536
Slovakia,2022,45-49,91,210160
Slovakia,2023,15-19,3153,128811
Slovakia,2023,20-24,7046,130403
Slovakia,2023,25-29,13707,153956
Slovakia,2023,30-34,15043,188455
Slovakia,2023,35-39,7747,204950
Slovakia,2023,40-44,1809,213930
Slovakia,2023,45-49,79,214450
Slovenia,2015,15-19,208,46009
Slovenia,2015,20-24,2153,52520
Slovenia,2015,25-29,6886,63744
Slovenia,2015,30-34,7476,71193
Slovenia,2015,35-39,3285,74644
Slovenia,2015,40-44,606,70750
Slovenia,2015,45-49,23,75040
Slovenia,2016,15-19,188,45747
Slovenia,2016,20-24,2012,50909
Slovenia,2016,25-29,6707,61681
Slovenia,2016,30-34,7350,69251
Slovenia,2016,35-39,3387,74868
Slovenia,2016,40-44,665,71870
Slovenia,2016,45-49,33,72923
Slovenia,2017,15-19,181,45227
Slovenia,2017,20-24,2104,49585
Slovenia,2017,25-29,6471,59638
Slovenia,2017,30-34,7309,67211
Slovenia,2017,35-39,3442,74185
Slovenia,2017,40-44,696,73121
Slovenia,2017,45-49,34,71308
Slovenia,2018,15-19,172,44887
Slovenia,2018,20-24,2074,48852
Slovenia,2018,25-29,6062,56520
Slovenia,2018,30-34,7056,65813
Slovenia,2018,35-39,3502,73430
Slovenia,2018,40-44,674,73492
Slovenia,2018,45-49,39,70309
Slovenia,2019,15-19,206,44775
Slovenia,2019,20-24,2020,48343
Slovenia,2019,25-29,5826,54321
Slovenia,2019,30-34,6885,65109
Slovenia,2019,35-39,3597,72543
Slovenia,2019,40-44,756,74099
Slovenia,2019,45-49,32,70581
Slovenia,2020,15-19,192,45339
Slovenia,2020,20-24,1954,47875
Slovenia,2020,25-29,5773,53130
Slovenia,2020,30-34,6739,63626
Slovenia,2020,35-39,3340,71547
Slovenia,2020,40-44,733,75045
Slovenia,2020,45-49,30,70916
Slovenia,2021,15-19,158,45497
Slovenia,2021,20-24,1886,48158
Slovenia,2021,25-29,5916,52345
Slovenia,2021,30-34,6908,62333
Slovenia,2021,35-39,3372,70219
Slovenia,2021,40-44,711,75862
Slovenia,2021,45-49,29,72516
Slovenia,2022,15-19,155,46329
Slovenia,2022,20-24,1835,47807
Slovenia,2022,25-29,5503,51436
Slovenia,2022,30-34,6206,60942
Slovenia,2022,35-39,3204,68620
Slovenia,2022,40-44,679,75295
Slovenia,2022,45-49,43,73995
Slovenia,2023,15-19,165,48046
Slovenia,2023,20-24,1729,47937
Slovenia,2023,25-29,5477,51565
Slovenia,2023,30-34,5818,58782
Slovenia,2023,35-39,3037,68192
Slovenia,2023,40-44,722,75172
Slovenia,2023,45-49,37,74885
Spain,2015,15-19,8126,1043560
Spain,2015,20-24,29486,1138729
Spain,2015,25-29,74734,1322565
Spain,2015,30-34,148211,1630252
Spain,2015,35-39,125162,1938940
Spain,2015,40-44,30485,1906459
Spain,2015,45-49,2010,1828525
Spain,2016,15-19,7843,1057457
Spain,2016,20-24,28541,1117821
Spain,2016,25-29,72368,1284736
Spain,2016,30-34,141470,1554146
Spain,2016,35-39,124054,1899182
Spain,2016,40-44,31867,1925856
Spain,2016,45-49,2348,1837284
Spain,2017,15-19,7644,1074141
Spain,2017,20-24,27862,1106730
Spain,2017,25-29,68440,1258853
Spain,2017,30-34,132442,1492238
Spain,2017,35-39,119192,1843583
Spain,2017,40-44,32766,1947743
Spain,2017,45-49,2645,1851505
Spain,2018,15-19,6925,1091722
Spain,2018,20-24,26852,1106302
Spain,2018,25-29,64632,1253271
Spain,2018,30-34,123385,1443297
Spain,2018,35-39,112731,1787361
Spain,2018,40-44,33252,1959078
Spain,2018,45-49,2791,1864133
Spain,2019,15-19,6819,1124232
Spain,2019,20-24,27125,1114920
Spain,2019,25-29,62462,1255072
Spain,2019,30-34,117942,1418268
Spain,2019,35-39,108545,1727633
Spain,2019,40-44,32752,1972034
Spain,2019,45-49,2838,1886744
Spain,2020,15-19,6232,1153303
Spain,2020,20-24,26175,1142005
Spain,2020,25-29,59864,1260341
Spain,2020,30-34,111505,1405365
Spain,2020,35-39,101990,1680115
Spain,2020,40-44,31852,1965812
Spain,2020,45-49,2776,1922199
Spain,2021,15-19,5460,1172020
Spain,2021,20-24,23749,1157252
Spain,2021,25-29,56832,1250627
Spain,2021,30-34,112693,1385931
Spain,2021,35-39,101952,1622354
Spain,2021,40-44,32768,1941058
Spain,2021,45-49,3086,1950833
Spain,2022,15-19,5630,1199157
Spain,2022,20-24,24385,1171240
Spain,2022,25-29,55961,1238078
Spain,2022,30-34,107807,1363539
Spain,2022,35-39,98710,1565383
Spain,2022,40-44,32412,1891265
Spain,2022,45-49,3469,1976812
Spain,2023,15-19,5435,1241369
Spain,2023,20-24,25007,1213886
Spain,2023,25-29,55455,1264702
Spain,2023,30-34,105470,1389393
Spain,2023,35-39,93897,1547745
Spain,2023,40-44,31027,1863161
Spain,2023,45-49,3232,2008433
Sweden,2015,15-19,1124,254181
Sweden,2015,20-24,14048,326946
Sweden,2015,25-29,36525,320517
Sweden,2015,30-34,38273,297018
Sweden,2015,35-39,20046,296259
Sweden,2015,40-44,4544,320549
Sweden,2015,45-49,278,329661
Sweden,2016,15-19,1120,251450
Sweden,2016,20-24,13526,318250
Sweden,2016,25-29,37937,333430
Sweden,2016,30-34,38968,301065
Sweden,2016,35-39,20764,297907
Sweden,2016,40-44,4792,321076
Sweden,2016,45-49,289,326022
Sweden,2017,15-19,1109,253037
Sweden,2017,20-24,12441,309158
Sweden,2017,25-29,37178,346470
Sweden,2017,30-34,39039,310855
Sweden,2017,35-39,20522,301728
Sweden,2017,40-44,4772,318411
Sweden,2017,45-49,320,324719
Sweden,2018,15-19,1105,258776
Sweden,2018,20-24,11789,297384
Sweden,2018,25-29,37393,356635
Sweden,2018,30-34,40199,321958
Sweden,2018,35-39,20519,306649
Sweden,2018,40-44,4483,315024
Sweden,2018,45-49,308,323818
Sweden,2019,15-19,911,265711
Sweden,2019,20-24,10757,286425
Sweden,2019,25-29,36217,360374
Sweden,2019,30-34,40802,335686
Sweden,2019,35-39,20688,312107
Sweden,2019,40-44,4717,311921
Sweden,2019,45-49,394,324649
Sweden,2020,15-19,784,272837
Sweden,2020,20-24,9568,277075
Sweden,2020,25-29,35081,359711
Sweden,2020,30-34,41933,348710
Sweden,2020,35-39,20656,316703
Sweden,2020,40-44,4672,309321
Sweden,2020,45-49,348,328884
Sweden,2021,15-19,685,278531
Sweden,2021,20-24,8804,271966
Sweden,2021,25-29,33075,348382
Sweden,2021,30-34,44931,361033
Sweden,2021,35-39,21565,320188
Sweden,2021,40-44,4888,310620
Sweden,2021,45-49,299,328772
Sweden,2022,15-19,580,286409
Sweden,2022,20-24,7780,271045
Sweden,2022,25-29,29299,336224
Sweden,2022,30-34,41628,371415
Sweden,2022,35-39,20334,327998
Sweden,2022,40-44,4696,312994
Sweden,2022,45-49,367,324931
Sweden,2023,15-19,541,292308
Sweden,2023,20-24,7184,275136
Sweden,2023,25-29,26505,323678
Sweden,2023,30-34,40623,379866
Sweden,2023,35-39,20277,337476
Sweden,2023,40-44,4522,316375
Sweden,2023,45-49,352,320776
Switzerland,2015,15-19,562,213793
Switzerland,2015,20-24,6879,244792
Switzerland,2015,25-29,21991,273143
Switzerland,2015,30-34,33028,287842
Switzerland,2015,35-39,19563,281586
Switzerland,2015,40-44,4223,296446
Switzerland,2015,45-49,283,327745
Switzerland,2016,15-19,605,213255
Switzerland,2016,20-24,6633,243351
Switzerland,2016,25-29,22191,277273
Switzerland,2016,30-34,33691,291671
Switzerland,2016,35-39,20149,287040
Switzerland,2016,40-44,4296,292776
Switzerland,2016,45-49,292,324544
Switzerland,2017,15-19,503,210497
Switzerland,2017,20-24,6179,241449
Switzerland,2017,25-29,22052,280238
Switzerland,2017,30-34,33543,294810
Switzerland,2017,35-39,20446,292197
Switzerland,2017,40-44,4309,289994
Switzerland,2017,45-49,323,320405
Switzerland,2018,15-19,481,208129
Switzerland,2018,20-24,5783,237270
Switzerland,2018,25-29,21634,282451
Switzerland,2018,30-34,34008,296290
Switzerland,2018,35-39,21145,297413
Switzerland,2018,40-44,4451,289365
Switzerland,2018,45-49,320,314909
Switzerland,2019,15-19,404,205936
Switzerland,2019,20-24,5388,234345
Switzerland,2019,25-29,20763,280334
Switzerland,2019,30-34,33949,300338
Switzerland,2019,35-39,20794,301305
Switzerland,2019,40-44,4497,290066
Switzerland,2019,45-49,341,308700
Switzerland,2020,15-19,338,204724
Switzerland,2020,20-24,4965,232276
Switzerland,2020,25-29,20575,278198
Switzerland,2020,30-34,34466,303059
Switzerland,2020,35-39,20828,305268
Switzerland,2020,40-44,4380,292439
Switzerland,2020,45-49,328,303337
Switzerland,2021,15-19,268,203802
Switzerland,2021,20-24,4713,231154
Switzerland,2021,25-29,20629,275053
Switzerland,2021,30-34,36670,306776
Switzerland,2021,35-39,22478,308180
Switzerland,2021,40-44,4558,297807
Switzerland,2021,45-49,304,299345
Switzerland,2022,15-19,295,205263
Switzerland,2022,20-24,4288,227664
Switzerland,2022,25-29,18575,272769
Switzerland,2022,30-34,33518,309036
Switzerland,2022,35-39,20687,311120
Switzerland,2022,40-44,4599,302550
Switzerland,2022,45-49,352,296292
Switzerland,2023,15-19,301,207472
Switzerland,2023,20-24,4153,225767
Switzerland,2023,25-29,17605,271287
Switzerland,2023,30-34,32349,312864
Switzerland,2023,35-39,20607,313551
Switzerland,2023,40-44,4584,308881
Switzerland,2023,45-49,363,296221
